index,momentum_raw,volatility_raw,value_raw,quality_raw,momentum_z,volatility_z,value_z,quality_z,factor_score,sector
ABBV,0.4487724437465588,0.22344924838969943,0.6666666666666666,2.0,1.310646591423317,1.0942762820776293,0.4242640687119287,2.620447856494685,1.2969186364233214,Healthcare
AFL,0.3747096386685038,0.2351926954843556,1.0,0.13118,1.075546553535748,1.0034618792277599,-1.2727922061357855,-0.52590583975511,0.150150216382696,Financial Services
ACN,-0.14766140810563655,0.33059240722298305,0.5,0.25016,-0.582633321754425,0.26571700893873446,1.2727922061357855,-0.3255905805114158,0.1447191911400193,Technology
AOS,-0.22457766002521007,0.31265319668541586,0.5,0.29197,-0.8267911513343851,0.40444447792086907,1.2727922061357855,-0.25519907783047063,0.120232010047754,Industrials
A,0.06011602456716236,0.35297235161937635,0.6666666666666666,0.19945998,0.0769215282418092,0.09264846528287798,0.4242640687119287,-0.4109493605581504,0.07011471985961432,Healthcare
ABT,-0.13412412293475484,0.26615531128151176,0.6666666666666666,0.12961,-0.5396614649200133,0.7640218373368056,0.4242640687119287,-0.5285490987651336,0.029463217283152862,Healthcare
AES,0.2522922850053948,0.35052635801581683,1.0,0.01954,0.6869530557069629,0.1115638183892873,-1.2727922061357855,-0.713863442225828,-0.2269938686697013,Utilities
MMM,-0.23076143950380523,0.27216113100212147,1.0,0.75501,-0.8464205292410675,0.7175776436384042,-1.2727922061357855,0.5243771336353232,-0.2878543726696009,Industrials
ADBE,-0.47656713556441577,0.449733906721366,0.6666666666666666,0.58774,-1.6266897668958655,-0.655627809526637,0.4242640687119287,0.24276061477759325,-0.49729574231691814,Technology
AMD,-0.4803835890296767,0.609905730462251,0.8333333333333333,0.07082,-1.6388044627048262,-1.894268253781044,-0.4242640687119281,-0.6275282052614924,-1.1967800604869894,Technology
CI,0.6912430456784422,0.2632000356764614,,,2.080329128301713,0.7868755690534124,,,,Unknown
NSC,-0.028338904708330448,0.2901374792011548,,,-0.20386391057722975,0.5785629817628966,,,,Unknown
SW,-0.278139271922181,0.6039755019706837,,,-0.9968135664052976,-1.8484086220320293,,,,Unknown
DOC,-0.1607886719872066,0.2721531174758049,,,-0.6243036343042219,0.7176396138249512,,,,Unknown
SCHW,0.07987984872155685,0.36263631105351074,,,0.13965849590870308,0.01791515247426996,,,,Unknown
CBRE,-0.16291303172413485,0.341570825901719,,,-0.6310470604290129,0.18081872238716976,,,,Unknown
FAST,-0.0967868400437939,0.28701674700324403,,,-0.4211404797502961,0.602696222090312,,,,Unknown
MDT,-0.2273316841557289,0.25230779937563497,,,-0.8355333421918052,0.8711073902032129,,,,Unknown
WMT,0.13621623845117536,0.2668376733449767,,,0.31848898100744555,0.7587449963188755,,,,Unknown
MET,0.3817937077261364,0.25216018565904247,,,1.0980337507475244,0.8722489163170316,,,,Unknown
AAPL,-0.09467291881257678,0.35626182752648067,,,-0.4144301889231163,0.0672102964228463,,,,Unknown
SRE,0.44078977829320065,0.23752388583829798,,,1.2853069496348322,0.9854343223940435,,,,Unknown
COO,-0.12543614121151558,0.3416846321501779,,,-0.5120829141191434,0.17993863612194674,,,,Unknown
LH,-0.14568360673432346,0.2890150957637447,,,-0.5763551207486739,0.5872425952371519,,,,Unknown
TTD,-0.45484142846108655,0.874506619800307,,,-1.5577251286034879,-3.9404793504968096,,,,Unknown
NOW,-0.2901579322950255,0.5568028032972808,,,-1.0349648017795947,-1.4836127979173765,,,,Unknown
UNH,0.22402440159605597,0.2432887806906053,,,0.5972213684783608,0.9408532484312877,,,,Unknown
SBAC,-0.1043155915032078,0.3284012195517601,,,-0.44503924717463117,0.2826618972913766,,,,Unknown
EXE,0.9896952132651686,0.47630211578551224,,,3.027715820357439,-0.8610850335855647,,,,Unknown
KO,0.25577898391966203,0.1965504559992313,,,0.6980210006218612,1.2827757745891701,,,,Unknown
TEL,-0.15588946843909535,0.33217469024187557,,,-0.6087519287137304,0.253480900891243,,,,Unknown
MPC,1.0252821876473828,0.36173087492254885,,,3.1406807427195482,0.02491706944883677,,,,Unknown
HOOD,-0.5875470221609518,0.8265614484467864,,,-1.9789769306902423,-3.5697098421140474,,,,Unknown
CCI,-0.18838355334918488,0.30510257896222626,,,-0.711898988637167,0.46283490060954746,,,,Unknown
SYF,-0.15853032208595008,0.43714043369122063,,,-0.6171348787218586,-0.5582399877209756,,,,Unknown
UBER,-0.21321488638461272,0.6409257837551051,,,-0.7907219191388596,-2.134152471205038,,,,Unknown
COST,-0.042671202077716464,0.31315514757597607,,,-0.24935940120855826,0.40056279224384767,,,,Unknown
URI,0.07090924980531121,0.41117699624894444,,,0.11118282390491026,-0.3574595824238636,,,,Unknown
ROK,-0.18142642971991385,0.36939683230627063,,,-0.6898147585420965,-0.03436529768440784,,,,Unknown
FICO,0.7083999053533683,0.5088823881269268,,,2.1347907214773407,-1.1130347340034308,,,,Unknown
CHRW,0.08057020655057978,0.33982098533754324,,,0.1418499218422499,0.19435058612677078,,,,Unknown
KEY,-0.11761852978996445,0.3542804237981135,,,-0.48726720886115366,0.08253288398557762,,,,Unknown
XEL,0.12359716189525516,0.22849572177493285,,,0.2784318244728488,1.0552509036445559,,,,Unknown
DGX,0.028947000941487167,0.2539589201023329,,,-0.02201934535313431,0.8583389465239846,,,,Unknown
GPN,-0.11474780915234584,0.3998327653395665,,,-0.4781545843803839,-0.2697323974225374,,,,Unknown
MNST,0.2737478794687396,0.2962603793868776,,,0.7550602664170699,0.5312133816332377,,,,Unknown
NKE,-0.32716652200853313,0.421922038253377,,,-1.1524424052087578,-0.4405531209193319,,,,Unknown
TECH,-0.24910320352188597,0.41446124251106453,,,-0.9046434038814629,-0.3828573094031995,,,,Unknown
TSN,-0.14360657477028227,0.27165984402348015,,,-0.5697619287554035,0.7214541951530308,,,,Unknown
VST,0.23002266098690338,0.3386914593157222,,,0.6162618437690481,0.20308543462127662,,,,Unknown
NWS,-0.07404549894865109,0.3641969792473915,,,-0.3489518805276832,0.005846196150657139,,,,Unknown
COR,0.5233533117869622,0.2355009435516787,,,1.547391133889776,1.001078135856845,,,,Unknown
DDOG,-0.5261046508284892,0.7521971010134011,,,-1.7839383575098136,-2.9946356112643833,,,,Unknown
TMUS,0.4225072019025038,0.2942604387446699,,,1.227271956258531,0.5466793188230026,,,,Unknown
PCAR,0.3268016698478995,0.26158931210882297,,,0.9234706866688329,0.7993316134986467,,,,Unknown
WRB,0.5326066113374672,0.2493212046614653,,,1.5767641919668502,0.8942033187951949,,,,Unknown
GE,-0.0793612979804118,0.3485560262688708,,,-0.36582599908763436,0.12680078412624454,,,,Unknown
AME,0.062230149494060694,0.24499852931391533,,,0.08363246566699895,0.9276314236129222,,,,Unknown
NXPI,-0.20830372067736236,0.45794172935249317,,,-0.7751322416667488,-0.7191005279657271,,,,Unknown
HII,0.3372398254004716,0.2668836300342411,,,0.9566048727599451,0.7583896041364216,,,,Unknown
LLY,0.5068092326501568,0.2721003458663979,,,1.4948747104599756,0.7180477071349558,,,,Unknown
DD,-0.026756739555687248,0.3299082889475163,,,-0.19884159084549946,0.2710074310919937,,,,Unknown
CVX,0.686562237593707,0.3285587678064978,,,2.0654706827310125,0.28144354542597305,,,,Unknown
EQT,1.2982928488549157,0.5763594719981899,,,3.161500035980228,-1.6348483913074956,,,,Unknown
APD,0.12290643753369035,0.28728156660252113,,,0.27623923504280207,0.6006483196663095,,,,Unknown
TDY,0.02807253613013505,0.29729090505953826,,,-0.024795188234909584,0.5232441224515173,,,,Unknown
RMD,-0.08744193747597517,0.33006074299551724,,,-0.39147664315331043,0.2698284737364867,,,,Unknown
MDLZ,0.19001094939003527,0.206541319756449,,,0.48925133015892514,1.2250286437888316,,,,Unknown
MAS,-0.19466169188570415,0.35652162344644506,,,-0.7318278936555975,0.06520124310619838,,,,Unknown
EXPE,-0.31947828727237115,0.5206826407703138,,,-1.1280373846879272,-1.2042884254152508,,,,Unknown
FISV,0.09921502276042737,0.3058899153148677,,,0.20103478518522294,0.4567462726172041,,,,Unknown
DE,0.30984362608397986,0.350784420524094,,,0.8696402014854157,0.10956816988861896,,,,Unknown
PNR,-0.3435519406216727,0.3334121712112499,,,-1.204455187234674,0.24391121540060495,,,,Unknown
PYPL,-0.5620678410107466,0.5865030432256182,,,-1.8980975142619225,-1.713290637128418,,,,Unknown
CAG,0.28836103738005003,0.245037900418925,,,0.8014473020550718,0.9273269590581646,,,,Unknown
EQR,-0.1928021311029504,0.26965693925878065,,,-0.7259250277025878,0.73694305448924,,,,Unknown
VRSN,-0.1410034366383428,0.34475307241528147,,,-0.5614987003670031,0.1562097796703621,,,,Unknown
NVR,-0.12298877024329946,0.3610390920366195,,,-0.5043141426454442,0.030266763553221342,,,,Unknown
GD,0.3615032890307599,0.23496395474656123,,,1.0336251964264958,1.0052307766684172,,,,Unknown
TXT,0.02591787293688852,0.33401309733954665,,,-0.03163480763405797,0.23926413460241341,,,,Unknown
CTVA,0.4984264196248911,0.28217330968650384,,,1.4682648668580847,0.6401514823827257,,,,Unknown
MTB,0.2007776809924171,0.3551179218908514,,,0.5234285261883971,0.07605634531964295,,,,Unknown
COF,-0.2672404752844175,0.42371736260412685,,,-0.9622171519194205,-0.4544367197911972,,,,Unknown
KLAC,-0.03968518964967693,0.4874411716066287,,,-0.23988080214354857,-0.9472255589826072,,,,Unknown
AJG,0.24860046371615407,0.26651745330414506,,,0.6752339839804747,0.7612213213326715,,,,Unknown
PODD,0.08657309420970227,0.5663533089522675,,,0.1609050887996338,-1.5574687501757722,,,,Unknown
FIS,-0.27150632106560113,0.4529535338253478,,,-0.9757583687788391,-0.6805258237545391,,,,Unknown
DIS,-0.30643683174560965,0.36993892342660634,,,-1.0866394564671507,-0.03855739571037042,,,,Unknown
RTX,0.28818083323454613,0.2595317915101399,,,0.8008752740122395,0.8152428278988663,,,,Unknown
WDAY,-0.35030282433263993,0.5040209843915159,,,-1.2258847430630049,-1.0754405358361514,,,,Unknown
MOS,0.47535212510189817,0.5404813416432109,,,1.395019362439674,-1.357395701539782,,,,Unknown
KDP,0.1776589177198098,0.21119073047214437,,,0.45004186313161,1.1890738296404544,,,,Unknown
ADP,0.2030911625315286,0.28240082638832326,,,0.5307722879717117,0.6383920506547534,,,,Unknown
FSLR,0.6582053748349179,0.5172357555135799,,,1.9754565453791006,-1.1776329788705349,,,,Unknown
ERIE,0.5509378399031084,0.2867340587502044,,,1.634953623568394,0.6048823063537774,,,,Unknown
EG,0.31562403746317824,0.28809473432558536,,,0.887989154550629,0.5943599325690944,,,,Unknown
ROL,0.27980825769552364,0.298012698621613,,,0.7742979276051432,0.5176623498431554,,,,Unknown
BBY,-0.1197690462459634,0.45253599131035216,,,-0.49409366513364233,-0.6772968847677047,,,,Unknown
AVB,-0.2206275656199982,0.2687982440181296,,,-0.8142522346224665,0.7435835148993045,,,,Unknown
F,-0.25745462532505947,0.4911751431287974,,,-0.931153601277739,-0.9761011004919204,,,,Unknown
WAT,0.056103478465087564,0.3371115938432605,,,0.06418436902093977,0.21530284730328408,,,,Unknown
HUBB,0.3145126972018084,0.30032612611802584,,,0.884461390009728,0.4997721567056735,,,,Unknown
BKNG,-0.0032510911919618746,0.4245528224105286,,,-0.12422682551140689,-0.4608974959850942,,,,Unknown
CNP,0.23318913645514994,0.22987527102790023,,,0.6263132926950002,1.0445825759720766,,,,Unknown
JBL,0.2518376171476784,0.3661777239478674,,,0.6855097883278414,-0.009471295018832593,,,,Unknown
LVS,0.37992919610131803,0.5692975278489334,,,1.0921151691710551,-1.5802369781760228,,,,Unknown
GM,-0.3005094492303313,0.4404223745936796,,,-1.0678239680118131,-0.5836198868973427,,,,Unknown
EXC,0.1491487523746644,0.2581197037462287,,,0.35954109225531783,0.8261627823226022,,,,Unknown
LMT,0.511452192113018,0.2638374279511136,,,1.5096130118850797,0.7819464883212311,,,,Unknown
BLK,-0.17689452946652107,0.367155038174396,,,-0.6754289960780304,-0.017029059546018365,,,,Unknown
KHC,0.25163270470059507,0.25327971494851814,,,0.6848593278973709,0.8635913745341818,,,,Unknown
AMZN,-0.445367234111713,0.4998593148860239,,,-1.5276508767824222,-1.0432575210915502,,,,Unknown
EW,-0.2780415401817973,0.39320894096371345,,,-0.9965033332748778,-0.21850905129367923,,,,Unknown
IP,-0.13505529113897152,0.2922110936350934,,,-0.5426173032772065,0.5625273105463339,,,,Unknown
GDDY,0.1725000493666704,0.3821980862119559,,,0.43366589487059387,-0.1333599301636037,,,,Unknown
IEX,0.10163793129217291,0.2596223355818407,,,0.20872590472911762,0.814542632654929,,,,Unknown
HD,-0.16263269065940777,0.312893899386282,,,-0.630157164416172,0.4025830762500211,,,,Unknown
WYNN,0.10491714131111074,0.5817398717617839,,,0.21913521070775402,-1.6764560885778064,,,,Unknown
TXN,-0.0481908454314649,0.319886199939317,,,-0.26688058961378425,0.34851023084505955,,,,Unknown
CHD,-0.08218922031806652,0.2451687609833214,,,-0.37480276749419206,0.9263149883892063,,,,Unknown
IT,0.1622679360338497,0.36020499329529126,,,0.40118575548509783,0.036717014361267286,,,,Unknown
REG,-0.005179813043237669,0.29525418353884136,,,-0.13034923175610202,0.5389944934612129,,,,Unknown
SWK,-0.5036560161153756,0.4293701423152892,,,-1.7126789059400944,-0.49815078515661,,,,Unknown
INVH,-0.1676747986093613,0.2988403280299556,,,-0.6461624962263565,0.5112621276687119,,,,Unknown
PSA,-0.03294474253917279,0.2873874848387222,,,-0.21848437556493625,0.5998292329625523,,,,Unknown
LOW,-0.10537883362399703,0.33283785107770536,,,-0.44841433218009064,0.2483525467705259,,,,Unknown
LIN,0.07953110625794757,0.2958348253224231,,,0.13855147104890825,0.5345042755191868,,,,Unknown
CTAS,0.11892085530547414,0.2755297855662846,,,0.2635876681480546,0.6915271705374377,,,,Unknown
NCLH,-0.06576728589557035,0.7483347896404581,,,-0.32267407211400595,-2.9647675922639243,,,,Unknown
CDNS,0.009882866023301684,0.40734894099602525,,,-0.0825352660887258,-0.32785647278594854,,,,Unknown
CF,0.8378400412859159,0.493050943278973,,,2.545676871817479,-0.9906070346636177,,,,Unknown
HSIC,0.17927212491989897,0.25891439136950484,,,0.4551627206722035,0.8200173054980979,,,,Unknown
GS,0.0463663037647839,0.2954130503424734,,,0.033275329881162836,0.5377659449959947,,,,Unknown
ACGL,0.4672232322275236,0.27824290207648406,,,1.3692155460606517,0.6705461030748863,,,,Unknown
MS,0.010629580033328923,0.3220969708557036,,,-0.08016494684597544,0.3314139013779759,,,,Unknown
CSX,-0.039290202452066825,0.28336635361779683,,,-0.2386269810787729,0.6309254373108885,,,,Unknown
LYB,0.10108381079347684,0.34391280141995606,,,0.20696694150728948,0.16270776174133908,,,,Unknown
CPT,-0.24619075137208724,0.26438504327339096,,,-0.895398309666603,0.7777116705472669,,,,Unknown
TPL,1.2106558620977412,0.5057047524610414,,,3.161500035980228,-1.0884614478851544,,,,Unknown
FANG,0.49915797621130675,0.47026332311213714,,,1.4705870713843914,-0.8143858535112337,,,,Unknown
KIM,0.06533415715361324,0.305841909450788,,,0.09348562093967624,0.45711751147446217,,,,Unknown
CHTR,-0.3863765434065143,0.40598090138658505,,,-1.340394755370469,-0.3172771514670135,,,,Unknown
RSG,0.07409290323304796,0.22400142722746907,,,0.12128880140188698,1.0900061737342959,,,,Unknown
CVNA,-0.9694980121039851,1.5449266689694143,,,-2.224823425230019,-3.9404793504968096,,,,Unknown
NWSA,-0.08197551001957015,0.35974792792093274,,,-0.3741243797498917,0.04025159144933622,,,,Unknown
WTW,0.10262595685698361,0.24830541720727464,,,0.2118622273066392,0.9020586044137328,,,,Unknown
EXPD,-0.051782147473455,0.3153219515191162,,,-0.27828057973362574,0.38380646809107355,,,,Unknown
BDX,0.07838223911486453,0.24264798338566826,,,0.1349045836729582,0.9458086609372243,,,,Unknown
CFG,-0.06174987127316478,0.3548123299325366,,,-0.30992145858630854,0.07841954847340095,,,,Unknown
CRM,-0.41550697094724265,0.4712831446922626,,,-1.4328644452679635,-0.8222723358248168,,,,Unknown
STLD,0.8114242513115224,0.4511593308942321,,,2.461824346690124,-0.6666508970428665,,,,Unknown
OXY,1.3922674982567025,0.5529000418040726,,,3.161500035980228,-1.4534319701234275,,,,Unknown
PLD,-0.21044360088151237,0.34305376073388466,,,-0.7819249349294509,0.16935089354927443,,,,Unknown
MRSH,0.07169799176490721,0.2574075882954863,,,0.11368655387286253,0.831669712178723,,,,Unknown
PNC,-0.12854405374276712,0.30489095610735123,,,-0.5219484647565846,0.46447142207040587,,,,Unknown
MKC,0.007591884256412218,0.25950444903611675,,,-0.08980760609296681,0.8154542726672409,,,,Unknown
MLM,-0.08291513370611836,0.32522612881136487,,,-0.3771070586272948,0.3072155029966685,,,,Unknown
KKR,-0.28175049340081426,0.4819163600133447,,,-1.0082767874587308,-0.9045010964242128,,,,Unknown
ALL,0.26557144194224236,0.2972345188914288,,,0.7291055274595197,0.5236801678600397,,,,Unknown
MPWR,-0.3073183066424392,0.6130305213135977,,,-1.089437551697586,-1.9184328804795296,,,,Unknown
LDOS,0.2724139147975868,0.24845947285721995,,,0.7508258177704358,0.9008672615531005,,,,Unknown
DVN,0.8016115801765691,0.5392139097399119,,,2.430675656694188,-1.3475943995435944,,,,Unknown
APA,0.8806150157568271,0.587825712475661,,,2.6814589031374183,-1.7235191004699166,,,,Unknown
FTV,-0.07270098319080331,0.29827181605090414,,,-0.3446839392138576,0.515658543429298,,,,Unknown
CPAY,-0.022655992681738013,0.34654950663366363,,,-0.18582445296614503,0.14231759797222293,,,,Unknown
NVDA,-0.4543972154101117,0.6309279925572167,,,-1.5563150482668833,-2.0568375712326885,,,,Unknown
VLO,1.0318408223140687,0.4481398597995088,,,3.161500035980228,-0.6433007288870006,,,,Unknown
CLX,-0.06764849137105933,0.32109915448648363,,,-0.3286456455386913,0.3391302130362258,,,,Unknown
CDW,0.04702636424189954,0.31021587921886146,,,0.0353705819177881,0.4232927367410086,,,,Unknown
NEM,-0.06315854706718405,0.3810340509303228,,,-0.31439306524765764,-0.12435821472642217,,,,Unknown
HAL,0.8138829828383174,0.5121993422901023,,,2.4696291803646746,-1.1386853976613145,,,,Unknown
ANET,0.15149517655584277,0.4288798155435327,,,0.3669894249685328,-0.4943589910931249,,,,Unknown
PEG,-0.0012341347838457084,0.2390975691396741,,,-0.11782433336348,0.9732647176657764,,,,Unknown
EOG,0.7915826905756433,0.4482811412991051,,,2.3988406171940904,-0.644393286712327,,,,Unknown
HST,0.2321252251489594,0.39577487927960453,,,0.6229360834719523,-0.23835196062251554,,,,Unknown
NUE,0.450107124573107,0.4686115667453322,,,1.314883313385962,-0.8016124943011328,,,,Unknown
PPL,0.09128543352229301,0.23368947911828636,,,0.17586362500092373,1.0150865491852588,,,,Unknown
IR,-0.04765093583159674,0.34668420826122054,,,-0.26516673652313916,0.1412759236009003,,,,Unknown
TSCO,0.021684805913593896,0.3531337325075286,,,-0.04507197378660037,0.09140047490400548,,,,Unknown
WEC,0.1435799841203902,0.23020006801691967,,,0.34186396503623434,1.042070856511216,,,,Unknown
DELL,-0.17404930365331583,0.421791671913376,,,-0.6663973006706222,-0.4395449721855331,,,,Unknown
ITW,0.009504459384102937,0.2597698305009277,,,-0.08373645493269107,0.8134020252257551,,,,Unknown
HAS,-0.3223045809766124,0.3383523239965284,,,-1.1370089832689996,0.20570803522990858,,,,Unknown
LRCX,-0.3237177339682956,0.5411572150918336,,,-1.1414948020485545,-1.3626223648136921,,,,Unknown
BALL,-0.37817366698340804,0.41346499945887266,,,-1.3143560905396288,-0.37515316451721403,,,,Unknown
VRSK,-0.14694727154186205,0.2807377867080025,,,-0.5803664141882946,0.6512526659635833,,,,Unknown
CPRT,-0.05037894835341161,0.3403698888812835,,,-0.27382635786154935,0.19010580628102747,,,,Unknown
SWKS,-0.35344401481918175,0.42998171443228544,,,-1.2358559290263202,-0.5028801934944667,,,,Unknown
CVS,0.17080478303628976,0.26483266974758884,,,0.42828455428969137,0.7742500863440587,,,,Unknown
TER,-0.3915402799637915,0.5238572641168942,,,-1.3567861769346112,-1.228838416671578,,,,Unknown
ES,0.04829731880909782,0.24000937430037483,,,0.03940501548517441,0.9662135477224854,,,,Unknown
UPS,0.012022766472387758,0.31696342658305793,,,-0.07574250856184636,0.3711126162328185,,,,Unknown
CCL,-0.39133083662501245,0.7699309716096495,,,-1.356121333943175,-3.1317751458008836,,,,Unknown
HLT,0.09869478050170621,0.3677592358613532,,,0.19938336279300925,-0.021701439955451787,,,,Unknown
GNRC,-0.7445548616920123,0.6988680638044954,,,-2.224823425230019,-2.5822316016368303,,,,Unknown
PH,0.03298459945212073,0.3110607895015652,,,-0.009202661434339465,0.4167588781416567,,,,Unknown
GL,0.4238889666285448,0.24580212418573444,,,1.2316581382172294,0.9214170652708407,,,,Unknown
OMC,0.24760803342490023,0.3301817291541569,,,0.6720836793325661,0.2688928638034408,,,,Unknown
EPAM,-0.3788339691140634,0.845053794344771,,,-1.3164521096651631,-3.712714816418645,,,,Unknown
POOL,-0.3813667487519209,0.43327393206310055,,,-1.3244919967338962,-0.5283395646471103,,,,Unknown
XYZ,-0.644370189362749,0.8932197480386568,,,-2.1593526097906355,-3.9404793504968096,,,,Unknown
AEP,0.24299804439059014,0.23388091096431787,,,0.657450037040928,1.013606168795781,,,,Unknown
MSFT,-0.2211691593390097,0.35251488788421076,,,-0.8159714336688042,0.09618612297398628,,,,Unknown
NDSN,-0.03701929114708413,0.26637070523889184,,,-0.23141835141266626,0.7623561531931914,,,,Unknown
RVTY,-0.2329291987034211,0.38101072272037434,,,-0.8533017197309998,-0.12417781305739369,,,,Unknown
SJM,0.2517585408566334,0.23494734794460595,,,0.6852587738138611,1.0053592003578722,,,,Unknown
D,-0.10914156212126225,0.23627735363819788,,,-0.4603584870272557,0.9950740028450022,,,,Unknown
DTE,0.09470414735641897,0.22114971936971314,,,0.18671576260336406,1.11205899554351,,,,Unknown
JKHY,0.3066652753479424,0.2512755364950327,,,0.8595510564999553,0.8790900835581001,,,,Unknown
SNA,0.22596258411565295,0.26062047796671056,,,0.6033738060387536,0.8068237998530724,,,,Unknown
HIG,0.19035438180116127,0.2580542361208672,,,0.49034149914162095,0.8266690564391613,,,,Unknown
GRMN,-0.26692525147531865,0.3117880986627764,,,-0.9612165264450802,0.41113445231249,,,,Unknown
ICE,-0.13985729965833982,0.2818091849417408,,,-0.5578604794389804,0.6429673311698816,,,,Unknown
SBUX,-0.026074452666166592,0.35804748643509443,,,-0.19667578476500544,0.05340144232981762,,,,Unknown
LNT,0.03373770222576766,0.244432958899062,,,-0.006812062125671254,0.9320050916748178,,,,Unknown
OTIS,-0.005941595227556107,0.26586093122821886,,,-0.13276738240819508,0.766298336607865,,,,Unknown
LYV,-0.2847417899243323,0.44106992986021437,,,-1.0177721600046516,-0.5886275600591183,,,,Unknown
DG,0.07014742170273824,0.32878122324351233,,,0.1087645274929669,0.2797232534614122,,,,Unknown
CPB,0.38661011613252594,0.2382820769610046,,,1.1133226369520208,0.9795710802386797,,,,Unknown
TJX,0.1935459071453427,0.32982189638300813,,,0.5004724647261058,0.2716755219083646,,,,Unknown
MCO,-0.18759780451748664,0.34923371196781183,,,-0.7094047598551532,0.12156010636160135,,,,Unknown
FTNT,-0.09290436420200299,0.5432020259769771,,,-0.4088162069045587,-1.3784352924812187,,,,Unknown
PAYC,-0.17974847750515432,0.5340880063519021,,,-0.6844883787371763,-1.3079547731633592,,,,Unknown
BRO,-0.06858217338139061,0.32463443554551535,,,-0.33160946355466414,0.3117911842404546,,,,Unknown
FDS,0.028816663288559807,0.29209983134183,,,-0.022433080521672755,0.563387723902053,,,,Unknown
IBM,0.339014291027915,0.2381577306277069,,,0.962237618316942,0.9805326750680325,,,,Unknown
AMAT,-0.2879129519223368,0.5056747887318175,,,-1.0278384855386729,-1.0882297324310215,,,,Unknown
PKG,0.08760532806572296,0.297822429939449,,,0.16418174323371226,0.519133735256014,,,,Unknown
EME,0.2947274963011586,0.2736361784144845,,,0.8216565654226263,0.7061708097804008,,,,Unknown
CRWD,-0.38426799158896174,0.6589333118085778,,,-1.3337015088525703,-2.273408253071894,,,,Unknown
FCX,0.11131653920388285,0.5374970462136256,,,0.239449033354125,-1.3343175537709966,,,,Unknown
LII,-0.09705409969335299,0.3559060546048037,,,-0.4219888509896914,0.06996155890751757,,,,Unknown
CMI,0.224303504197376,0.2813306299585086,,,0.5981073331954101,0.6466680916606269,,,,Unknown
ZTS,-0.28166603156652126,0.32008764592014055,,,-1.0080086774347936,0.346952409167358,,,,Unknown
AXP,0.06319342974181108,0.355428699436057,,,0.08669023835740391,0.07365304099515405,,,,Unknown
AIZ,-0.12721067877908931,0.2912895323888227,,,-0.5177158880381008,0.5696539262320925,,,,Unknown
PEP,0.1998221713199968,0.19433562194163395,,,0.5203954198950127,1.2827757745891701,,,,Unknown
NTAP,-0.218205359092853,0.3370293812431489,,,-0.806563343475241,0.21593861362689337,,,,Unknown
PHM,-0.08633674624304633,0.4385032130493232,,,-0.3879683976789357,-0.5687786304742206,,,,Unknown
IDXX,-0.2673784227465178,0.4294940539934297,,,-0.9626550431595928,-0.49910901871152397,,,,Unknown
DASH,-0.6465783896944919,0.8476857605498174,,,-2.1663621739181207,-3.7330683324949505,,,,Unknown
CTSH,-0.17266343993703792,0.340400884516682,,,-0.6619981071501962,0.18986611089201796,,,,Unknown
NTRS,-0.15756104577514463,0.34331817134795894,,,-0.614058072528065,0.1673061538888684,,,,Unknown
BMY,0.5175978470602871,0.19679367972364037,,,1.5291213698175694,1.2827757745891701,,,,Unknown
WDC,-0.3790714011922518,0.47498833334437995,,,-1.3172057982476977,-0.8509252936979158,,,,Unknown
DAL,0.055174467930418025,0.4590041636508074,,,0.06123537982631534,-0.7273165428709698,,,,Unknown
MAA,-0.1625725003073778,0.2676590738160682,,,-0.6299661001697152,0.752392943750195,,,,Unknown
AMGN,0.46898208530674745,0.21710884877046305,,,1.3747987321839479,1.1433078484149537,,,,Unknown
C,-0.2050426479640195,0.3343980525226578,,,-0.7647805095435457,0.23628719990884206,,,,Unknown
NRG,0.22621444511476474,0.36242094441621764,,,0.6041732968272969,0.01958062534623934,,,,Unknown
NOC,0.555146463958959,0.31327461457322375,,,1.6483131995923133,0.3996389302868033,,,,Unknown
SO,0.15139363251438587,0.2272333231422817,,,0.3666670903233811,1.0650132823616938,,,,Unknown
GIS,0.4312979159722585,0.22376297756407784,,,1.2551766137810219,1.0918501522200066,,,,Unknown
FFIV,-0.3075308406373959,0.3704780363522454,,,-1.0901122054622396,-0.042726462766740726,,,,Unknown
MGM,-0.02657772186371976,0.48064813647360166,,,-0.19827332900178798,-0.8946936725465746,,,,Unknown
PNW,0.2740663425994929,0.24628061598062492,,,0.7560711745784202,0.9177167934280599,,,,Unknown
ETR,0.20112023913652388,0.24540580627932404,,,0.5245159199560693,0.9244818701547277,,,,Unknown
EVRG,-0.03303696961533997,0.23246606702614445,,,-0.21877713505572668,1.024547437261106,,,,Unknown
CL,0.05626780443334378,0.201647833476041,,,0.06470599443496822,1.2628709426323714,,,,Unknown
TRGP,0.5054989475641267,0.4099895328281191,,,1.4907154287119437,-0.3482766925450148,,,,Unknown
EIX,0.042329990270029816,0.27004001523868293,,,0.02046272503122899,0.7339806520463674,,,,Unknown
EXR,-0.17286173440977426,0.3367637666771626,,,-0.6626275599234753,0.217992663685947,,,,Unknown
GLW,-0.042176351802498235,0.3186422224976687,,,-0.24778858143836632,0.3581301548427931,,,,Unknown
PAYX,0.09631317068996714,0.2851578376726637,,,0.19182333915654062,0.6170715362078781,,,,Unknown
TROW,-0.32784425321143074,0.42470126277219766,,,-1.1545937500209194,-0.4620454147090546,,,,Unknown
EA,0.10242205670706905,0.2629441224754225,,,0.21121498024490998,0.7888545965354131,,,,Unknown
AXON,0.1261151801934497,0.5256036041242311,,,0.2864248541276564,-1.2423432099116576,,,,Unknown
AIG,0.24897116486862392,0.32607098971213283,,,0.676410713040342,0.3006820262776088,,,,Unknown
PCG,0.32936164888180186,0.3553548275632324,,,0.9315969136896369,0.07422430682229092,,,,Unknown
DPZ,-0.23833747815364037,0.34425246311311514,,,-0.8704694019746454,0.1600810905785547,,,,Unknown
WFC,0.01611100314973557,0.3395271130577823,,,-0.06276508221774736,0.19662315868451333,,,,Unknown
ROST,0.1401792032257041,0.4504468742500439,,,0.3310687525629098,-0.6611413286702366,,,,Unknown
DLR,-0.2891443798758604,0.33835433401462023,,,-1.031747448454999,0.20569249136180467,,,,Unknown
PFG,0.3889100271664556,0.3121041423218199,,,1.12062332142711,0.4086904240864352,,,,Unknown
STE,-0.10007330531996628,0.32702259079699003,,,-0.4315728163344967,0.2933231065689383,,,,Unknown
HPQ,-0.15693800787902978,0.4207371788136382,,,-0.6120803425078798,-0.43139036814209386,,,,Unknown
GWW,0.28047723219520426,0.284653079417418,,,0.7764214757215692,0.620974931792173,,,,Unknown
UHS,0.12597327291843596,0.3954913215787751,,,0.2859743931209866,-0.2361591527470472,,,,Unknown
ARE,-0.19684023052259025,0.3067637861616582,,,-0.7387433016735854,0.4499884562384592,,,,Unknown
UAL,0.12365585884643981,0.5435311394773227,,,0.27861814816708175,-1.3809803923792985,,,,Unknown
PFE,-0.035499370796324925,0.2693043364356024,,,-0.22659361743623932,0.7396698019741995,,,,Unknown
MO,0.18158337821162518,0.24848620669800398,,,0.4624994092553585,0.9006605234661388,,,,Unknown
HPE,0.2225550174154154,0.3468891486144064,,,0.5925570531560351,0.13969107924945906,,,,Unknown
ORLY,0.34620094217762687,0.2928696670395585,,,0.9850504452926601,0.557434431941165,,,,Unknown
AMT,-0.12508081235440238,0.3182390715552631,,,-0.510954981850283,0.361247800947708,,,,Unknown
QCOM,-0.2623790782552655,0.4668780709308659,,,-0.9467854568258357,-0.7882070277490553,,,,Unknown
UNP,-0.05446699107891695,0.2613347724398286,,,-0.2868031685378315,0.8013000191852397,,,,Unknown
MU,-0.3440800938379289,0.4725812742659883,,,-1.206131721643834,-0.8323110289878572,,,,Unknown
HSY,0.34512387336798667,0.2104348816216366,,,0.9816314697665904,1.1949189585408826,,,,Unknown
CIEN,-0.2547941017669866,0.44097473294382694,,,-0.9227082124129168,-0.5878913834454554,,,,Unknown
TTWO,-0.3364515280579954,0.439252474672551,,,-1.1819161102853386,-0.5745728190411126,,,,Unknown
LEN,-0.17292177581982637,0.436433757638312,,,-0.662818151378433,-0.5527751218058897,,,,Unknown
O,-0.004326144091192252,0.22183806491998664,,,-0.12763940186567588,1.1067358830367147,,,,Unknown
CARR,-0.14912361292697418,0.336382547948357,,,-0.5872748473965279,0.22094070363815357,,,,Unknown
HBAN,0.11082050433151247,0.33771433320049843,,,0.237874453277595,0.210641744446476,,,,Unknown
AEE,0.1069554299716684,0.21921477956170687,,,0.22560541853768806,1.1270222684052316,,,,Unknown
NI,0.17572293592642252,0.2509506970197046,,,0.44389641140998926,0.8816021315740024,,,,Unknown
PANW,0.013329281734149268,0.48458916665800783,,,-0.0715951934930058,-0.9251704397108785,,,,Unknown
TFC,-0.17582111193462024,0.32332325771050663,,,-0.6720216109249417,0.32193078219295757,,,,Unknown
CSGP,0.10261854641532575,0.4405650598687319,,,0.2118387040939727,-0.5847233003963688,,,,Unknown
OKE,0.2179956261901248,0.34296732690995385,,,0.5780840251809216,0.1700193034329345,,,,Unknown
DXCM,-0.13901702172466535,0.5469598293755008,,,-0.5551931571057963,-1.4074951306116628,,,,Unknown
GILD,0.33586057328631114,0.25346929342363245,,,0.9522266666691295,0.8621253266291736,,,,Unknown
SMCI,1.133160399792498,0.6637721912685123,,,3.161500035980228,-2.310828266554682,,,,Unknown
BA,-0.0659440113774018,0.46690275462585046,,,-0.32323505771846,-0.7883979116523999,,,,Unknown
ATO,0.3464711061307153,0.23299201483150603,,,0.9859080357598319,1.020480178687953,,,,Unknown
WY,-0.08954292276067943,0.30968233627194913,,,-0.3981458709730592,0.42741873004842945,,,,Unknown
DOV,-0.11205436898348509,0.28491537675704737,,,-0.46960470721762043,0.6189465345017056,,,,Unknown
EQIX,-0.11498785932903799,0.35686656396861793,,,-0.4789165836805152,0.0625337497128738,,,,Unknown
EL,-0.2799059895868632,0.42052405091345174,,,-1.002421717345107,-0.42974220786768114,,,,Unknown
ELV,0.31215848681756,0.2746222069996104,,,0.876988341291835,0.698545655391801,,,,Unknown
VRTX,0.5646829744664634,0.31667657111929354,,,1.678585263677202,0.37333092636237486,,,,Unknown
PRU,0.12656074115069993,0.29343496514235656,,,0.28783921316820793,0.5530628697223401,,,,Unknown
VMC,-0.018296286555604557,0.3094036147063713,,,-0.17198529207624316,0.4295741391319217,,,,Unknown
FRT,-0.06358767260685338,0.2808835678027305,,,-0.31575525279278854,0.6501253118776992,,,,Unknown
ARES,-0.005329124735066193,0.4629507341521744,,,-0.13082319685057756,-0.7578361544039115,,,,Unknown
RL,0.006321301267885326,0.44817235018242935,,,-0.09384086014575563,-0.643551983454719,,,,Unknown
PG,0.044775844033327905,0.21915894648659162,,,0.028226680390640763,1.127454036636058,,,,Unknown
HUM,0.32177046522382,0.3244763757212198,,,0.9074999656504406,0.31301349217459506,,,,Unknown
AON,0.04892683678876297,0.2793887215660291,,,0.041403315451185765,0.6616852539666097,,,,Unknown
CAT,0.2598854946888449,0.3350692283009183,,,0.711056435026528,0.23109686465048693,,,,Unknown
FITB,-0.11496528940075212,0.3617120586482071,,,-0.478844939202703,0.025062579425969702,,,,Unknown
ISRG,-0.1420310801790171,0.43855484767312636,,,-0.5647607836096352,-0.5691779312493052,,,,Unknown
SYK,0.019159843344004557,0.3129049995457219,,,-0.053087046874225545,0.40249723651804575,,,,Unknown
CINF,0.00813502862138149,0.3232718753216002,,,-0.08808348477933145,0.3223281323856163,,,,Unknown
AKAM,-0.12724610056672103,0.29809023484952696,,,-0.5178283286026389,0.5170627468321757,,,,Unknown
BAX,-0.2874586349968924,0.30123723743358577,,,-1.0263963321355933,0.49272635240431245,,,,Unknown
WMB,0.38127005546661064,0.28755450951359385,,,1.096371503875769,0.5985375980629012,,,,Unknown
FOX,-0.04676820528390502,0.30872746641467885,,,-0.26236465543819887,0.4348029278217392,,,,Unknown
BSX,0.2092291470880876,0.2722061913528909,,,0.5502562975265688,0.7172291830191031,,,,Unknown
GEN,0.018022655386683795,0.3453828441744721,,,-0.056696860620405354,0.1513396298939275,,,,Unknown
PSX,0.6384086358560124,0.39250324374547424,,,1.9126150950845038,-0.2130517549010067,,,,Unknown
RF,0.07218390269829489,0.3616383684296349,,,0.11522899719146262,0.025632440484785537,,,,Unknown
GOOG,-0.28483654172359374,0.38699911461141073,,,-1.0180729338083552,-0.1704872338971181,,,,Unknown
TDG,0.17948873792875553,0.3440691249821741,,,0.45585032258703034,0.16149888066581075,,,,Unknown
HCA,0.06750211754155,0.4178198316045417,,,0.10036745006842071,-0.4088299442253046,,,,Unknown
JBHT,-0.008174020113761449,0.34306193283385,,,-0.13985384334867518,0.1692876970812868,,,,Unknown
SHW,-0.23246421338957257,0.354660816375817,,,-0.8518257013059921,0.07959123282351074,,,,Unknown
LULU,-0.14854043315457288,0.49534254229547603,,,-0.5854236403508007,-1.0083284238415682,,,,Unknown
IBKR,0.05483408067453621,0.35541307415630574,,,0.06015487718170282,0.07377387437895809,,,,Unknown
ED,0.29978118310709556,0.2188401953507492,,,0.8376986523824104,1.129919002316571,,,,Unknown
PWR,0.37612070592184366,0.39019550696266864,,,1.0800257514863587,-0.19520556917922344,,,,Unknown
COIN,-0.846281832061923,1.0687405692294003,,,-2.224823425230019,-3.9404793504968096,,,,Unknown
SLB,0.8446433486198666,0.49712963973563445,,,2.5672728377046323,-1.0221484023840157,,,,Unknown
STT,-0.08325495436457375,0.402997876270992,,,-0.3781857627027568,-0.2942088272879894,,,,Unknown
BAC,-0.14276793743121696,0.3241185643713621,,,-0.5670998142165281,0.3157805182282159,,,,Unknown
AWK,-0.06623027163276318,0.269906944085987,,,-0.32414374321599465,0.7350097176325806,,,,Unknown
CMS,0.07102382305425103,0.23145408471631884,,,0.11154651759890774,1.0323732969444408,,,,Unknown
PGR,0.43529586249505514,0.2568501145406976,,,1.2678674290693623,0.8359807671643285,,,,Unknown
MSCI,-0.14580391682383187,0.39687158195789085,,,-0.576737025087456,-0.24683297969891144,,,,Unknown
FIX,0.349599149892742,0.3511247560746018,,,0.9958374896360577,0.10693628765346039,,,,Unknown
IQV,-0.14927674811279534,0.3698595283644488,,,-0.5877609495357938,-0.03794341796593573,,,,Unknown
AVGO,0.022722061896304657,0.3722497096915565,,,-0.04177937744789291,-0.0564271636817035,,,,Unknown
ALGN,-0.6649952487449482,0.5981079247261485,,,-2.224823425230019,-1.8030334847880058,,,,Unknown
ZBRA,-0.5373388744648407,0.46317397773094815,,,-1.8195995291297669,-0.759562541224833,,,,Unknown
ADSK,-0.17121916554808803,0.47692204163024343,,,-0.6574134986789898,-0.8658790429549331,,,,Unknown
SPG,-0.1483866705731972,0.32570786710586325,,,-0.584935546648854,0.30349012532926345,,,,Unknown
GPC,0.5089899832220579,0.24453907573718547,,,1.501797139897221,0.9311844691430499,,,,Unknown
TMO,-0.09648170912385134,0.32239227973504314,,,-0.42017189247138387,0.32913021931109043,,,,Unknown
PSKY,-0.29641724422811144,0.5677914132380683,,,-1.0548339448814221,-1.5685898955173525,,,,Unknown
TGT,-0.2989643035474222,0.46075552123323626,,,-1.0629191604203252,-0.7408601380132552,,,,Unknown
IVZ,-0.08002823535144132,0.4383953421869853,,,-0.3679430806784872,-0.5679444437257166,,,,Unknown
RJF,0.25417053438807247,0.34046088485379267,,,0.6929152455074227,0.18940211639861437,,,,Unknown
ADM,0.505230075233509,0.3108611508886799,,,1.4898619382851566,0.41830272308503835,,,,Unknown
ZBH,0.06945224393775007,0.3048624578681235,,,0.10655780147556762,0.4646918046000736,,,,Unknown
DECK,-0.018058747662479724,0.4925279059304522,,,-0.1712312644274853,-0.9865622832297982,,,,Unknown
CBOE,0.014660948505844651,0.2545109535646332,,,-0.06736803914543214,0.8540699623979555,,,,Unknown
WM,0.06615865158461198,0.21594605897972252,,,0.09610284117271505,1.1522999322243215,,,,Unknown
NEE,-0.013666433191529714,0.31058849218801265,,,-0.15728859377861948,0.4204112468330768,,,,Unknown
DOW,0.01714943667694624,0.3018483707489892,,,-0.05946874796017157,0.4880003374061032,,,,Unknown
GOOGL,-0.28402026575627104,0.3858088142989638,,,-1.0154818017192853,-0.16128240577334932,,,,Unknown
ABNB,-0.37901646120915145,0.6041579255141359,,,-1.3170314004228405,-1.8498193394330475,,,,Unknown
XOM,0.9266674420176517,0.35019178636051196,,,2.827644659230829,0.11415112728096959,,,,Unknown
AMCR,0.14420003566648476,0.2763630538821682,,,0.34383221538572417,0.6850833415738689,,,,Unknown
BLDR,-0.09242383317637048,0.5201996920877824,,,-0.4072908412069823,-1.2005536875773992,,,,Unknown
KMI,0.33372134090417416,0.2735576161697506,,,0.9454360298094983,0.706778347182711,,,,Unknown
SYY,0.2944744938895514,0.2871909352537054,,,0.8208534514102444,0.6013491898414663,,,,Unknown
SNPS,0.06897683745449035,0.42297809970295425,,,0.10504870278414533,-0.44871985332278164,,,,Unknown
MCD,0.1447423465872597,0.19752063209022452,,,0.34555369106959355,1.2827757745891701,,,,Unknown
BX,-0.35358143218745874,0.5363073714330425,,,-1.2362921375719496,-1.3251175630090537,,,,Unknown
ULTA,0.27703911358647537,0.36807411247252503,,,0.7655077408944553,-0.024136443169114223,,,,Unknown
INTU,-0.3694632457136635,0.47903159332160294,,,-1.2867063091361912,-0.8821926241025778,,,,Unknown
WBD,-0.47753818531631187,0.6326482506112757,,,-1.6297722025829946,-2.0701406675610348,,,,Unknown
NFLX,-0.4869449880113397,0.6993733580064597,,,-1.6596325308229414,-2.586139141803275,,,,Unknown
LUV,-0.05804924557677826,0.375010867479828,,,-0.298174438735909,-0.0777797438649313,,,,Unknown
ODFL,-0.1385971221291692,0.4208945152046421,,,-0.5538602557836538,-0.4326070816232722,,,,Unknown
APH,0.02217921922296262,0.29646923227062943,,,-0.043502541091711165,0.5295982809078276,,,,Unknown
CRH,-0.11152082070240099,0.36405359534124304,,,-0.4679110470738341,0.00695501230235393,,,,Unknown
ROP,-0.026699857941434813,0.26031752636254174,,,-0.1986610296359725,0.8091665846251451,,,,Unknown
DRI,0.10445473638382397,0.3382133537203821,,,0.2176673832900651,0.20678271990642527,,,,Unknown
INCY,0.24199509609384617,0.26521207705189387,,,0.6542663447366022,0.7713160544963724,,,,Unknown
WELL,-0.07740714077631472,0.2814384408527745,,,-0.3596228525522404,0.6458343686571042,,,,Unknown
MRNA,-0.41573032327942794,0.7256278256099422,,,-1.433573440042111,-2.7891701409923013,,,,Unknown
DUK,0.07887317329035515,0.21650966348752534,,,0.1364629724368797,1.1479414669111088,,,,Unknown
VICI,0.3304559135955176,0.2661188717558959,,,0.9350704747488282,0.7643036314073426,,,,Unknown
MTCH,-0.6080954402534131,0.6307437455719485,,,-2.0442044611216907,-2.055412752794869,,,,Unknown
BR,-0.09396802326998044,0.29886331882331446,,,-0.41219261543941516,0.5110843353090153,,,,Unknown
PTC,0.17135246373934554,0.3916711053831407,,,0.43002307545295276,-0.2066166640920928,,,,Unknown
AZO,0.4129553044812668,0.29613537978713256,,,1.1969510489790365,0.5321800283014452,,,,Unknown
TT,-0.019191516970792244,0.30623972713558806,,,-0.1748270519084142,0.4540411085071702,,,,Unknown
PLTR,-0.5944272201297922,0.7259669736736204,,,-2.000816973089982,-2.791792840156556,,,,Unknown
ADI,-0.03440308508751255,0.36701244120577936,,,-0.22311364106475623,-0.015926328938153378,,,,Unknown
FE,0.1396496274953387,0.2331515092900656,,,0.32938770261966194,1.019246776442837,,,,Unknown
ETN,0.033989640065192894,0.28061623937561525,,,-0.0060123274203524235,0.652192615564392,,,,Unknown
T,0.22811143093397934,0.2740031884356114,,,0.6101949623245666,0.703332648579528,,,,Unknown
FOXA,-0.055686994215955576,0.32077506730762123,,,-0.2906758652772873,0.3416364433945233,,,,Unknown
CB,0.2671702746537252,0.22917943405435892,,,0.7341807555804282,1.0499636211391103,,,,Unknown
BK,-0.1279866086702619,0.3138347015055412,,,-0.5201789482289823,0.3953076670816775,,,,Unknown
WSM,-0.3604396821798096,0.5370493918876103,,,-1.258062509776254,-1.3308557541841664,,,,Unknown
RCL,-0.05227936399760302,0.6765570946383539,,,-0.2798589107668931,-2.4096964571010324,,,,Unknown
DLTR,0.12911006281419457,0.4143680201373855,,,0.2959316101418783,-0.38213640231947266,,,,Unknown
MA,0.18490911973508606,0.3235702575069981,,,0.47305642174423046,0.320020683834136,,,,Unknown
V,0.1497764483621986,0.3090315443104321,,,0.3615336086108034,0.43245143321371704,,,,Unknown
KMB,0.07408034791505091,0.2189688281207852,,,0.12124894663627712,1.1289242596227447,,,,Unknown
PM,0.24442994677961338,0.24868401504993728,,,0.6619953726592033,0.8991308322932876,,,,Unknown
MSI,0.12025957582959146,0.30301713664838664,,,0.26783721345773,0.4789620391645783,,,,Unknown
APTV,-0.342562484741211,0.5192136547126243,,,-1.2013143243583697,-1.1929284652137384,,,,Unknown
APP,-0.8340880016539656,0.8780656490068374,,,-2.224823425230019,-3.9404793504968096,,,,Unknown
CAH,0.7888260748083273,0.2714278831085358,,,2.3900901996173536,0.7232479948615311,,,,Unknown
SPGI,-0.18526750957890037,0.305037404656186,,,-0.7020076267358571,0.46333890642968634,,,,Unknown
AMP,0.18116740213659455,0.35436857097997293,,,0.46117896249538287,0.081851224365626,,,,Unknown
MOH,0.18616263291844293,0.294180947417523,,,0.47703549054386857,0.5472940410036709,,,,Unknown
BG,0.19744298107720382,0.3326863860374767,,,0.5128430767771296,0.2495238559329998,,,,Unknown
ESS,-0.30978661890506465,0.2646619871626114,,,-1.0972727978221424,0.7755700085872177,,,,Unknown
TSLA,-0.46657535082673374,0.6654948353528207,,,-1.5949725106034824,-2.324149814527638,,,,Unknown
TRV,0.3289835421919134,0.22769560793545285,,,0.9303966769847939,1.06143834247394,,,,Unknown
CMCSA,-0.2412172645910754,0.2973178964488925,,,-0.8796108043268186,0.5230353926904397,,,,Unknown
CSCO,-0.06344720331189635,0.2922807802296008,,,-0.31530935641428065,0.5619884103055596,,,,Unknown
ON,0.1991895777773176,0.6125081359314156,,,0.5183873570665177,-1.9143931708305668,,,,Unknown
IFF,-0.22510722244835424,0.3275608161615451,,,-0.8284721590360757,0.2891609031982634,,,,Unknown
L,0.09084654916560586,0.23387344524826897,,,0.17447045971672112,1.0136639026570025,,,,Unknown
CTRA,0.5197731173676543,0.4731071819782018,,,1.5360264030679136,-0.8363779775127537,,,,Unknown
MCK,0.7734083851296927,0.23967850553807676,,,2.341149311896915,0.9687722214089746,,,,Unknown
VTR,0.05226149947773617,0.3105070903989675,,,0.051988646693955,0.4210407429940813,,,,Unknown
KEYS,-0.0629421312369326,0.3330623735068724,,,-0.31370608924346816,0.2466162703461628,,,,Unknown
BIIB,0.3152505712571487,0.506311995691221,,,0.8868036482888187,-1.093157380083672,,,,Unknown
KR,0.22761423455775143,0.33256744430040297,,,0.6086166952475155,0.25044365594906076,,,,Unknown
LW,0.745150234888488,0.2940984816087165,,,2.251448520989276,0.5479317654402804,,,,Unknown
DHR,-0.13831719789600883,0.34063958334520666,,,-0.5529716829331888,0.1880202055629689,,,,Unknown
YUM,0.06860259375165145,0.24072592959986752,,,0.10386072848822336,0.9606722836364106,,,,Unknown
HON,0.11266037378022209,0.24919617681553904,,,0.24371481237071796,0.8951701838967172,,,,Unknown
BEN,-0.10487601250519707,0.378272675499545,,,-0.4468182102946725,-0.10300395147057653,,,,Unknown
CNC,0.22271298354875113,0.3258173776573871,,,0.5930584903334826,0.3026432585394497,,,,Unknown
DVA,-0.22712397512471139,0.44255925980420296,,,-0.8348740044714698,-0.600144843563661,,,,Unknown
ALB,0.06637153369238291,0.548280777214193,,,0.09677859996351139,-1.4177102819381624,,,,Unknown
REGN,0.2071870537653604,0.33683057303180663,,,0.54377401243033,0.21747603691063386,,,,Unknown
EMR,0.12769461400591298,0.2691495347540839,,,0.2914385036749519,0.7408669140447822,,,,Unknown
MRK,0.526756650211951,0.1990738877837579,,,1.5581944648170316,1.2827757745891701,,,,Unknown
STX,-0.46826467585160336,0.42126798698278184,,,-1.6003349914996987,-0.43549521287124904,,,,Unknown
CRL,-0.37366744906251503,0.4539630530510908,,,-1.3000518523621107,-0.6883326359207071,,,,Unknown
ORCL,-0.046580665481788075,0.3048629660419268,,,-0.2617693415753678,0.4646878747913794,,,,Unknown
VZ,-0.18769983800081225,0.2258890206091775,,,-0.7097286481519894,1.0754090401668255,,,,Unknown
IRM,0.27495914377944386,0.3510668991466069,,,0.7589052232079762,0.1073837067395461,,,,Unknown
CMG,0.014824549947122012,0.4104422089699708,,,-0.06684871362161174,-0.3517773268285677,,,,Unknown
ECL,-0.30186276226888975,0.34652539793006804,,,-1.072119834827869,0.14250403535324666,,,,Unknown
JCI,-0.08597862086833885,0.32404478847754636,,,-0.3868315883307954,0.31635104183066315,,,,Unknown
LHX,0.1080476153456178,0.30130920279872486,,,0.229072379079152,0.4921698299788013,,,,Unknown
CME,-0.16451300508612865,0.24967495589923852,,,-0.6361259093549672,0.8914676903926625,,,,Unknown
HRL,0.15578587770995989,0.21160523353110708,,,0.38060954106910516,1.1858683953692624,,,,Unknown
